{"metadata":{"asset_id":"7015546e-4947-44cb-89c0-4eb6b66fc9d9","asset_attributes":["data_asset"],"name":"ober_warengruppe.csv","asset_type":"data_asset","created_at":"2021-10-25T06:56:20Z","description":"","origin_country":"us","owner_id":"IBMid-502M1MPACS","project_id":"14837b5f-b4df-453e-afd0-0f3c62410101","size":44335,"tags":[],"usage":{"last_update_time":1635144981946,"last_updated_at":"2021-10-25T06:56:21Z"}},"entity":{"data_asset":{"mime_type":"text/csv","dataset":false}},"attachments":[{"id":"6af3af4b-53f8-4487-a0f3-836496569752","version":2,"asset_type":"data_asset","name":"ober_warengruppe.csv","mime":"text/csv","datasource_type":"193a97c1-4475-4a19-b90c-295c4fdc6517","object_key":"ober_warengruppe.csv","creator_id":"iam-ServiceId-f49c5558-c247-4983-a04f-7d3c7a3d55da","create_time":1635144981759,"size":44335,"is_remote":false,"is_managed":false,"is_referenced":true,"is_object_key_read_only":false,"is_user_provided_path_key":true,"transfer_complete":true,"is_partitioned":false,"complete_time_ticks":1635144981759,"user_data":{},"test_doc":0,"handle":{"bucket":"edekarrprojectv02-donotdelete-pr-cvpoivqoeieh2o","location":"eu-geo","key":"ober_warengruppe.csv","upload_id":"done","max_part_num":1},"usage":{"access_count":0,"last_accessor_id":"iam-ServiceId-f49c5558-c247-4983-a04f-7d3c7a3d55da","last_access_time":1635144981759}}]}
