{"metadata":{"asset_id":"45f4665e-5ea4-428b-b71b-8e5755b77356","asset_attributes":["data_asset"],"name":"bondaten_mit_werberverbund_20211022.csv","asset_type":"data_asset","created_at":"2021-10-25T07:57:11Z","description":"","origin_country":"us","owner_id":"IBMid-502M1MPACS","project_id":"14837b5f-b4df-453e-afd0-0f3c62410101","size":7341506,"tags":[],"usage":{"last_update_time":1635148632019,"last_updated_at":"2021-10-25T07:57:12Z"}},"entity":{"data_asset":{"mime_type":"text/csv","dataset":false}},"attachments":[{"id":"e7db75bf-b891-458e-81c3-e51bcb8b4c76","version":2,"asset_type":"data_asset","name":"bondaten_mit_werberverbund_20211022.csv","mime":"text/csv","datasource_type":"193a97c1-4475-4a19-b90c-295c4fdc6517","object_key":"bondaten_mit_werberverbund_20211022.csv","creator_id":"IBMid-502M1MPACS","create_time":1635148632018,"size":7341506,"is_remote":false,"is_managed":false,"is_referenced":true,"is_object_key_read_only":true,"is_user_provided_path_key":true,"transfer_complete":true,"is_partitioned":false,"complete_time_ticks":1635148632018,"user_data":{},"test_doc":0,"handle":{"bucket":"edekarrprojectv02-donotdelete-pr-cvpoivqoeieh2o","location":"eu-geo","key":"bondaten_mit_werberverbund_20211022.csv","upload_id":"done","max_part_num":1},"usage":{"access_count":0,"last_accessor_id":"IBMid-502M1MPACS","last_access_time":1635148632018}}]}
