{"metadata":{"asset_id":"f519238b-3589-4a72-8824-d72e18df1e47","asset_attributes":["data_asset"],"name":"warengruppe.csv","asset_type":"data_asset","created_at":"2021-10-25T06:56:20Z","description":"","origin_country":"us","owner_id":"IBMid-502M1MPACS","project_id":"14837b5f-b4df-453e-afd0-0f3c62410101","size":2435884,"tags":[],"usage":{"last_update_time":1635144982022,"last_updated_at":"2021-10-25T06:56:22Z"}},"entity":{"data_asset":{"mime_type":"text/csv","dataset":false}},"attachments":[{"id":"a58a1f49-9e2c-49b8-b3b9-ae862c30825d","version":2,"asset_type":"data_asset","name":"warengruppe.csv","mime":"text/csv","datasource_type":"193a97c1-4475-4a19-b90c-295c4fdc6517","object_key":"warengruppe.csv","creator_id":"iam-ServiceId-f49c5558-c247-4983-a04f-7d3c7a3d55da","create_time":1635144981855,"size":2435884,"is_remote":false,"is_managed":false,"is_referenced":true,"is_object_key_read_only":false,"is_user_provided_path_key":true,"transfer_complete":true,"is_partitioned":false,"complete_time_ticks":1635144981855,"user_data":{},"test_doc":0,"handle":{"bucket":"edekarrprojectv02-donotdelete-pr-cvpoivqoeieh2o","location":"eu-geo","key":"warengruppe.csv","upload_id":"done","max_part_num":1},"usage":{"access_count":0,"last_accessor_id":"iam-ServiceId-f49c5558-c247-4983-a04f-7d3c7a3d55da","last_access_time":1635144981855}}]}
