{"metadata":{"asset_id":"07c335fb-40ed-4eb4-b5a1-11d8e075136c","asset_attributes":["data_asset"],"name":"bondaten_raw_20211020.csv","asset_type":"data_asset","created_at":"2021-10-25T06:56:20Z","description":"","origin_country":"us","owner_id":"IBMid-502M1MPACS","project_id":"14837b5f-b4df-453e-afd0-0f3c62410101","size":7130765,"tags":[],"usage":{"last_update_time":1635144981596,"last_updated_at":"2021-10-25T06:56:21Z"}},"entity":{"data_asset":{"mime_type":"text/csv","dataset":false}},"attachments":[{"id":"4c2e7e78-f2f4-4a4a-92e7-cb0d4708e5fb","version":2,"asset_type":"data_asset","name":"bondaten_raw_20211020.csv","mime":"text/csv","datasource_type":"193a97c1-4475-4a19-b90c-295c4fdc6517","object_key":"bondaten_raw_20211020.csv","creator_id":"iam-ServiceId-f49c5558-c247-4983-a04f-7d3c7a3d55da","create_time":1635144981459,"size":7130765,"is_remote":false,"is_managed":false,"is_referenced":true,"is_object_key_read_only":false,"is_user_provided_path_key":true,"transfer_complete":true,"is_partitioned":false,"complete_time_ticks":1635144981459,"user_data":{},"test_doc":0,"handle":{"bucket":"edekarrprojectv02-donotdelete-pr-cvpoivqoeieh2o","location":"eu-geo","key":"bondaten_raw_20211020.csv","upload_id":"done","max_part_num":1},"usage":{"access_count":0,"last_accessor_id":"iam-ServiceId-f49c5558-c247-4983-a04f-7d3c7a3d55da","last_access_time":1635144981459}}]}
