{"metadata":{"asset_id":"aca77b77-2c94-43c8-a3dc-00525bbe98b7","asset_attributes":["notebook"],"name":"File Conversion","asset_type":"notebook","created_at":"2021-10-25T06:56:22Z","description":"","origin_country":"us","owner_id":"IBMid-502M1MPACS","project_id":"14837b5f-b4df-453e-afd0-0f3c62410101","size":9402,"tags":["notebook"],"usage":{"last_update_time":1635144983529,"last_updated_at":"2021-10-25T06:56:23Z"}},"entity":{"notebook":{"kernel":{"name":"python3","display_name":"Python 3.8","language":"python"},"originates_from":{"type":"file"},"runtime":{"environment":"conda1py38-14837b5f-b4df-453e-afd0-0f3c62410101"}}},"attachments":[{"id":"8430a60d-ea65-437b-a60d-1fafc6d96530","version":2,"asset_type":"notebook","name":"attachment for notebook aca77b77-2c94-43c8-a3dc-00525bbe98b7","description":"attachment for notebook aca77b77-2c94-43c8-a3dc-00525bbe98b7","mime":"application/json","datasource_type":"193a97c1-4475-4a19-b90c-295c4fdc6517","object_key":"notebook/File_Conversion_0q9O0gL2h.ipynb","creator_id":"IBMid-502M1MPACS","create_time":1635144983529,"size":9402,"is_remote":false,"is_managed":false,"is_referenced":true,"is_object_key_read_only":false,"is_user_provided_path_key":true,"transfer_complete":true,"is_partitioned":false,"complete_time_ticks":1635144983529,"user_data":{},"test_doc":0,"handle":{"bucket":"edekarrprojectv02-donotdelete-pr-cvpoivqoeieh2o","location":"eu-geo","key":"notebook/File_Conversion_0q9O0gL2h.ipynb","upload_id":"done","max_part_num":1},"usage":{"access_count":0,"last_accessor_id":"IBMid-502M1MPACS","last_access_time":1635144983529}}]}
